1,Smith
2,Johnson
3,Williams
4,Brown
5,Jones
6,Garcia
7,Miller
8,Davis
9,Rodriguez
10,Martinez
11,Hernandez
12,Lopez
13,Gonzalez
14,Wilson
15,Anderson
16,Thomas
17,Taylor
18,Moore
19,Jackson
20,Martin
21,Lee
22,Perez
23,Thompson
24,White
25,Harris
26,Sanchez
27,Clark
28,Ramirez
29,Lewis
30,Robinson
31,Walker
32,Young
33,Allen
34,King
35,Wright
36,Scott
37,Torres
38,Nguyen
39,Hill
40,Flores
41,Green
42,Adams
43,Nelson
44,Baker
45,Hall
46,Rivera
47,Campbell
48,Mitchell
49,Carter
50,Roberts
51,Gomez
52,Phillips
53,Evans
54,Turner
55,Diaz
56,Parker
57,Cruz
58,Edwards
59,Collins
60,Reyes
61,Stewart
62,Morris
63,Morales
64,Murphy
65,Cook
66,Rogers
67,Gutierrez
68,Ortiz
69,Morgan
70,Cooper
71,Peterson
72,Bailey
73,Reed
74,Kelly
75,Howard
76,Ramos
77,Kim
78,Cox
79,Ward
80,Richardson
81,Watson
82,Brooks
83,Chavez
84,Wood
85,James
86,Bennett
87,Gray
88,Mendoza
89,Ruiz
90,Hughes
91,Price
92,Alvarez
93,Castillo
94,Sanders
95,Patel
96,Myers
97,Long
98,Ross
99,Foster
100,Jimenez
101,Powell
102,Jenkins
103,Perry
104,Russell
105,Sullivan
106,Bell
107,Coleman
108,Butler
109,Henderson
110,Barnes
111,Gonzales
112,Fisher
113,Vasquez
114,Simmons
115,Romero
116,Jordan
117,Patterson
118,Alexander
119,Hamilton
120,Graham
121,Reynolds
122,Griffin
123,Wallace
124,Moreno
125,West
126,Cole
127,Hayes
128,Bryant
129,Herrera
130,Gibson
131,Ellis
132,Tran
133,Medina
134,Aguilar
135,Stevens
136,Murray
137,Ford
138,Castro
139,Marshall
140,Owens
141,Harrison
142,Fernandez
143,Mcdonald
144,Woods
145,Washington
146,Kennedy
147,Wells
148,Vargas
149,Henry
150,Chen
151,Freeman
152,Webb
153,Tucker
154,Guzman
155,Burns
156,Crawford
157,Olson
158,Simpson
159,Porter
160,Hunter
161,Gordon
162,Mendez
163,Silva
164,Shaw
165,Snyder
166,Mason
167,Dixon
168,Munoz
169,Hunt
170,Hicks
171,Holmes
172,Palmer
173,Wagner
174,Black
175,Robertson
176,Boyd
177,Rose
178,Stone
179,Salazar
180,Fox
181,Warren
182,Mills
183,Meyer
184,Rice
185,Schmidt
186,Garza
187,Daniels
188,Ferguson
189,Nichols
190,Stephens
191,Soto
192,Weaver
193,Ryan
194,Gardner
195,Payne
196,Grant
197,Dunn
198,Kelley
199,Spencer
200,Hawkins
201,Arnold
202,Pierce
203,Vazquez
204,Hansen
205,Peters
206,Santos
207,Hart
208,Bradley
209,Knight
210,Elliott
211,Cunningham
212,Duncan
213,Armstrong
214,Hudson
215,Carroll
216,Lane
217,Riley
218,Andrews
219,Alvarado
220,Ray
221,Delgado
222,Berry
223,Perkins
224,Hoffman
225,Johnston
226,Matthews
227,Pena
228,Richards
229,Contreras
230,Willis
231,Carpenter
232,Lawrence
233,Sandoval
234,Guerrero
235,George
236,Chapman
237,Rios
238,Estrada
239,Ortega
240,Watkins
241,Greene
242,Nunez
243,Wheeler
244,Valdez
245,Harper
246,Burke
247,Larson
248,Santiago
249,Maldonado
250,Morrison
251,Franklin
252,Carlson
253,Austin
254,Dominguez
255,Carr
256,Lawson
257,Jacobs
258,Obrien
259,Lynch
260,Singh
261,Vega
262,Bishop
263,Montgomery
264,Oliver
265,Jensen
266,Harvey
267,Williamson
268,Gilbert
269,Dean
270,Sims
271,Espinoza
272,Howell
273,Li
274,Wong
275,Reid
276,Hanson
277,Le
278,Mccoy
279,Garrett
280,Burton
281,Fuller
282,Wang
283,Weber
284,Welch
285,Rojas
286,Lucas
287,Marquez
288,Fields
289,Park
290,Yang
291,Little
292,Banks
293,Padilla
294,Day
295,Walsh
296,Bowman
297,Schultz
298,Luna
299,Fowler
300,Mejia
301,Davidson
302,Acosta
303,Brewer
304,May
305,Holland
306,Juarez
307,Newman
308,Pearson
309,Curtis
310,Cortez
311,Douglas
312,Schneider
313,Joseph
314,Barrett
315,Navarro
316,Figueroa
317,Keller
318,Avila
319,Wade
320,Molina
321,Stanley
322,Hopkins
323,Campos
324,Barnett
325,Bates
326,Chambers
327,Caldwell
328,Beck
329,Lambert
330,Miranda
331,Byrd
332,Craig
333,Ayala
334,Lowe
335,Frazier
336,Powers
337,Neal
338,Leonard
339,Gregory
340,Carrillo
341,Sutton
342,Fleming
343,Rhodes
344,Shelton
345,Schwartz
346,Norris
347,Jennings
348,Watts
349,Duran
350,Walters
351,Cohen
352,Mcdaniel
353,Moran
354,Parks
355,Steele
356,Vaughn
357,Becker
358,Holt
359,Deleon
360,Barker
361,Terry
362,Hale
363,Leon
364,Hail
365,Benson
366,Haynes
367,Horton
368,Miles
369,Lyons
370,Pham
371,Graves
372,Bush
373,Thornton
374,Wolfe
375,Warner
376,Cabrera
377,Mckinney
378,Mann
379,Zimmerman
380,Dawson
381,Lara
382,Fletcher
383,Page
384,Mccarthy
385,Love
386,Robles
387,Cervantes
388,Solis
389,Erickson
390,Reeves
391,Chang
392,Klein
393,Salinas
394,Fuentes
395,Baldwin
396,Daniel
397,Simon
398,Velasquez
399,Hardy
400,Higgins
401,Aguirre
402,Lin
403,Cummings
404,Chandler
405,Sharp
406,Barber
407,Bowen
408,Ochoa
409,Dennis
410,Robbins
411,Liu
412,Ramsey
413,Francis
414,Griffith
415,Paul
416,Blair
417,Oconnor
418,Cardenas
419,Pacheco
420,Cross
421,Calderon
422,Quinn
423,Moss
424,Swanson
425,Chan
426,Rivas
427,Khan
428,Rodgers
429,Serrano
430,Fitzgerald
431,Rosales
432,Stevenson
433,Christensen
434,Manning
435,Gill
436,Curry
437,Mclaughlin
438,Harmon
439,Mcgee
440,Gross
441,Doyle
442,Garner
443,Newton
444,Burgess
445,Reese
446,Walton
447,Blake
448,Trujillo
449,Adkins
450,Brady
451,Goodman
452,Roman
453,Webster
454,Goodwin
455,Fischer
456,Huang
457,Potter
458,Delacruz
459,Montoya
460,Todd
461,Wu
462,Hines
463,Mullins
464,Castaneda
465,Malone
466,Cannon
467,Tate
468,Mack
469,Sherman
470,Hubbard
471,Hodges
472,Zhang
473,Guerra
474,Wolf
475,Valencia
476,Franco
476,Saunders
478,Rowe
479,Gallagher
480,Farmer
481,Hammond
482,Hampton
483,Townsend
484,Ingram
485,Wise
486,Gallegos
487,Clarke
488,Barton
489,Schroeder
490,Maxwell
491,Waters
492,Logan
493,Camacho
494,Strickland
495,Norman
496,Person
497,Colon
498,Parsons
499,Frank
500,Harrington
501,Glover
502,Osborne
503,Buchanan
504,Casey
505,Floyd
506,Patton
507,Ibarra
508,Ball
509,Tyler
510,Suarez
511,Bowers
512,Orozco
513,Salas
514,Cobb
515,Gibbs
516,Andrade
517,Bauer
518,Conner
519,Moody
520,Escobar
521,Mcguire
522,Lloyd
523,Mueller
524,Hartman
525,French
526,Kramer
527,Mcbride
528,Pope
529,Lindsey
530,Velazquez
531,Norton
532,Mccormick
533,Sparks
534,Flynn
535,Yates
536,Hogan
537,Marsh
538,Macias
539,Villanueva
540,Zamora
541,Pratt
542,Stokes
543,Owen
544,Ballard
545,Lang
546,Brock
547,Villarreal
548,Charles
549,Drake
550,Barrera
551,Cain
552,Patrick
553,Pineda
554,Burnett
555,Mercado
556,Santana
557,Shepherd
558,Bautista
559,Ali
560,Shaffer
561,Lamb
562,Trevino
563,Mckenzie
564,Hess
565,Beil
566,Olsen
567,Cochran
568,Morton
569,Nash
570,Wilkins
571,Petersen
572,Briggs
573,Shah
574,Roth
575,Nicholson
576,Holloway
577,Lozano
578,Flowers
578,Rangel
580,Hoover
581,Arias
581,Short
583,Mora
584,Valenzuela
585,Bryan
586,Meyers
587,Weiss
588,Underwood
589,Bass
590,Greer
591,Summers
592,Houston
593,Carson
594,Morrow
595,Clayton
596,Whitaker
597,Decker
598,Yoder
599,Collier
600,Zuniga
601,Carey
602,Wilcox
603,Melendez
604,Poole
605,Roberson
606,Larsen
607,Conley
608,Davenport
609,Copeland
610,Massey
611,Lam
612,Huff
613,Rocha
614,Cameron
615,Jefferson
616,Hood
617,Monroe
618,Anthony
619,Pittman
620,Huynh
621,Randall
622,Singleton
623,Kirk
624,Combs
625,Mathis
626,Christian
627,Skinner
628,Bradford
629,Richard
630,Galvan
631,Wall
632,Boone
633,Kirby
634,Wilkinson
635,Bridges
636,Bruce
637,Atkinson
638,Velez
639,Meza
640,Roy
641,Vincent
642,York
643,Hodge
644,Villa
645,Abbott
646,Allison
647,Tapia
648,Gates
649,Chase
650,Sosa
651,Sweeney
652,Farrell
653,Wyatt
654,Dalton
655,Horn
656,Barron
657,Phelps
658,Yu
659,Dickerson
660,Heath
661,Foley
662,Atkins
663,Mathews
664,Bonilla
665,Acevedo
666,Benitez
667,Zavala
668,Hensley
669,Glenn
670,Cisneros
671,Harrell
672,Shields
673,Rubio
674,Choi
674,Huffman
676,Boyer
677,Garrison
678,Arroyo
679,Bond
680,Kane
681,Hancock
682,Callahan
683,Dillon
684,Cline
685,Wiggins
686,Grimes
687,Arellano
688,Melton
689,Oneill
690,Savage
691,Ho
692,Beltran
693,Pitts
694,Parrish
695,Ponce
696,Rich
697,Booth
698,Koch
699,Golden
700,Ware
701,Brennan
702,Mcdowell
703,Marks
704,Cantu
705,Humphrey
706,Baxter
707,Sawyer
708,Clay
709,Tanner
710,Hutchinson
711,Kaur
712,Berg
713,Wiley
714,Gilmore
715,Russo
716,Villegas
717,Hobbs
718,Keith
719,Wilkerson
720,Ahmed
721,Beard
722,Mcclain
723,Montes
724,Mata
725,Rosario
726,Vang
727,Walter
728,Henson
729,Oneal
730,Mosley
731,Mcclure
732,Beasley
733,Stephenson
734,Snow
735,Huerta
736,Preston
737,Vance
738,Barry
739,Johns
740,Eaton
741,Blackwell
742,Dyer
743,Prince
744,Macdonald
745,Solomon
746,Guevara
747,Stafford
748,English
749,Hurst
750,Woodard
751,Cortes
752,Shannon
753,Kemp
754,Nolan
755,Mccullough
756,Merritt
757,Murillo
758,Moon
759,Salgado
760,Strong
761,Kline
762,Cordova
763,Barajas
764,Roach
765,Rosas
766,Winters
767,Jacobson
768,Lester
769,Knox
770,Bullock
771,Kerr
772,Leach
773,Meadows
774,Davila
774,Orr
776,Whitehead
777,Pruitt
778,Kent
779,Conway
780,Mckee
781,Barr
782,David
783,Dejesus
784,Marin
785,Berger
786,Mcintyre
787,Blankenship
788,Gaines
789,Palacios
790,Cuevas
791,Bartlett
792,Durham
793,Dorsey
794,Mccall
795,Odonnell
796,Stein
797,Browning
798,Stout
799,Lowery
800,Sloan
801,Mclean
802,Hendricks
803,Calhoun
804,Sexton
805,Chung
806,Gentry
807,Hull
808,Duarte
809,Ellison
810,Nielsen
811,Gillespie
812,Buck
813,Middleton
814,Sellers
815,Leblanc
816,Esparza
817,Hardin
818,Bradshaw
819,Mcintosh
820,Howe
821,Livingston
822,Frost
823,Glass
824,Morse
825,Knapp
826,Herman
827,Stark
828,Bravo
829,Noble
830,Spears
831,Weeks
832,Corona
833,Frederick
834,Buckley
835,Mcfarland
836,Hebert
837,Enriquez
838,Hickman
839,Quintero
840,Randolph
841,Schaefer
842,Walls
843,Trejo
844,House
845,Reilly
846,Pennington
847,Michael
848,Conrad
849,Giles
850,Benjamin
851,Crosby
852,Fitzpatrick
853,Donovan
854,Mays
855,Mahoney
856,Valentine
857,Raymond
858,Medrano
859,Hahn
860,Mcmillan
861,Small
862,Bentley
863,Felix
864,Peck
865,Lucero
866,Boyle
867,Hanna
868,Pace
869,Rush
870,Hurley
871,Harding
872,Mcconnell
873,Bernal
874,Nava
875,Ayers
876,Everett
877,Ventura
878,Avery
879,Pugh
880,Mayer
881,Bender
882,Shepard
883,Mcmahon
884,Landry
885,Case
886,Sampson
887,Moses
888,Magana
889,Blackburn
890,Dunlap
891,Gould
892,Duffy
893,Vaughan
894,Herring
895,Mckay
896,Espinosa
897,Rivers
898,Farley
899,Bernard
900,Ashley
901,Friedman
902,Potts
903,Truong
904,Costa
905,Correa
906,Blevins
907,Nixon
908,Clements
909,Fry
910,Delarosa
911,Best
912,Benton
913,Lugo
914,Portillo
915,Dougherty
916,Crane
917,Haley
918,Phan
919,Villalobos
920,Blanchard
921,Horne
922,Finley
923,Quintana
924,Lynn
925,Esquivel
926,Bean
927,Dodson
928,Mullen
929,Xiong
930,Hayden
931,Cano
932,Levy
933,Huber
934,Richmond
935,Moyer
936,Lim
937,Frye
938,Sheppard
939,Mccarty
940,Avalos
941,Booker
942,Waller
943,Parra
944,Woodward
945,Jaramillo
946,Krueger
947,Rasmussen
948,Brandt
949,Peralta
950,Donaldson
951,Stuart
952,Faulkner
953,Maynard
954,Galindo
955,Coffey
956,Estes
957,Sanford
958,Burch
959,Maddox
960,Vo
961,Oconnell
962,Vu
963,Andersen
964,Spence
965,Mcpherson
966,Church
967,Schmitt
968,Stanton
969,Leal
970,Cherry
971,Compton
972,Dudley
973,Sierra
974,Pollard
975,Alfaro
976,Hester
977,Proctor
978,Lu
979,Hinton
980,Novak
981,Good
982,Madden
983,Mccann
983,Terrell
985,Jarvis
986,Dickson
987,Reyna
988,Cantrell
989,Mayo
990,Branch
991,Hendrix
992,Rollins
993,Rowland
994,Whitney
995,Duke
996,Odom
997,Daugherty
998,Travis
999,Tang
1000,Archer
