1,Emma
2,Olivia
3,Ava
4,Isabella
5,Sophia
6,Mia
7,Charlotte
8,Amelia
9,Evelyn
10,Abigail
11,Harper
12,Emily
13,Elizabeth
14,Avery
15,Sofia
16,Ella
17,Madison
18,Scarlett
19,Victoria
20,Aria
21,Grace
22,Chloe
23,Camila
24,Penelope
25,Riley
26,Layla
27,Lillian
28,Nora
29,Zoey
30,Mila
31,Aubrey
32,Hannah
33,Lily
34,Addison
35,Eleanor
36,Natalie
37,Luna
38,Savannah
39,Brooklyn
40,Leah
41,Zoe
42,Stella
43,Hazel
44,Ellie
45,Paisley
46,Audrey
47,Skylar
48,Violet
49,Claire
50,Bella
51,Aurora
52,Lucy
53,Anna
54,Samantha
55,Caroline
56,Genesis
57,Aaliyah
58,Kennedy
59,Kinsley
60,Allison
61,Maya
62,Sarah
63,Madelyn
64,Adeline
65,Alexa
66,Ariana
67,Elena
68,Gabriella
69,Naomi
70,Alice
71,Sadie
72,Hailey
73,Eva
74,Emilia
75,Autumn
76,Quinn
77,Nevaeh
78,Piper
79,Ruby
80,Serenity
81,Willow
82,Everly
83,Cora
84,Kaylee
85,Lydia
86,Aubree
87,Arianna
88,Eliana
89,Peyton
90,Melanie
91,Gianna
92,Isabelle
93,Julia
94,Valentina
95,Nova
96,Clara
97,Vivian
98,Reagan
99,Mackenzie
100,Madeline
101,Brielle
102,Delilah
103,Isla
104,Rylee
105,Katherine
106,Sophie
107,Josephine
108,Ivy
109,Liliana
110,Jade
111,Maria
112,Taylor
113,Hadley
114,Kylie
115,Emery
116,Adalynn
117,Natalia
118,Annabelle
119,Faith
120,Alexandra
121,Ximena
122,Ashley
123,Brianna
124,Raelynn
125,Bailey
126,Mary
127,Athena
128,Andrea
129,Leilani
130,Jasmine
131,Lyla
132,Margaret
133,Alyssa
134,Adalyn
135,Arya
136,Norah
137,Khloe
138,Kayla
139,Eden
140,Eliza
141,Rose
142,Ariel
143,Melody
144,Alexis
145,Isabel
146,Sydney
147,Juliana
148,Lauren
149,Iris
150,Emerson
151,London
152,Morgan
153,Lilly
154,Charlie
155,Aliyah
156,Valeria
157,Arabella
158,Sara
159,Finley
160,Trinity
161,Ryleigh
162,Jordyn
163,Jocelyn
164,Kimberly
165,Esther
166,Molly
167,Valerie
168,Cecilia
169,Anastasia
170,Daisy
171,Reese
172,Laila
173,Mya
174,Amy
175,Teagan
176,Amaya
177,Elise
178,Harmony
179,Paige
180,Adaline
181,Fiona
182,Alaina
183,Nicole
184,Genevieve
185,Lucia
186,Alina
187,Mckenzie
188,Callie
189,Payton
190,Eloise
191,Brooke
192,Londyn
193,Mariah
194,Julianna
195,Rachel
196,Daniela
197,Gracie
198,Catherine
199,Angelina
200,Presley
201,Josie
202,Harley
203,Adelyn
204,Vanessa
205,Makayla
206,Parker
207,Juliette
208,Amara
209,Marley
210,Lila
211,Ana
212,Rowan
213,Alana
214,Michelle
215,Malia
216,Rebecca
217,Brooklynn
218,Brynlee
219,Summer
220,Sloane
221,Leila
222,Sienna
223,Adriana
224,Sawyer
225,Kendall
226,Juliet
227,Destiny
228,Alayna
229,Elliana
230,Diana
231,Hayden
232,Ayla
233,Dakota
234,Angela
235,Noelle
236,Rosalie
237,Joanna
238,Jayla
239,Alivia
240,Lola
241,Emersyn
242,Georgia
243,Selena
244,June
245,Daleyza
246,Tessa
247,Maggie
248,Jessica
249,Remi
250,Delaney
251,Camille
252,Vivienne
253,Hope
254,Mckenna
255,Gemma
256,Olive
257,Alexandria
258,Blakely
259,Izabella
260,Catalina
261,Raegan
262,Journee
263,Gabrielle
264,Lucille
265,Ruth
266,Amiyah
267,Evangeline
268,Blake
269,Thea
270,Amina
271,Giselle
272,Lilah
273,Melissa
274,River
275,Kate
276,Adelaide
277,Charlee
278,Vera
279,Leia
280,Gabriela
281,Zara
282,Jane
283,Journey
284,Elaina
285,Miriam
286,Briella
287,Stephanie
288,Cali
289,Ember
290,Lilliana
291,Aniyah
292,Logan
293,Kamila
294,Brynn
295,Ariella
296,Makenzie
297,Annie
298,Mariana
299,Kali
300,Haven
301,Elsie
302,Nyla
303,Paris
304,Lena
305,Freya
306,Adelynn
307,Lyric
308,Camilla
309,Sage
310,Jennifer
311,Paislee
312,Talia
313,Alessandra
314,Juniper
315,Fatima
316,Raelyn
317,Amira
318,Arielle
319,Phoebe
320,Kinley
321,Ada
322,Nina
323,Ariah
324,Samara
325,Myla
326,Brinley
327,Cassidy
328,Maci
329,Aspen
330,Allie
331,Keira
332,Kaia
333,Makenna
334,Amanda
335,Heaven
336,Joy
337,Lia
338,Madilyn
339,Gracelyn
340,Laura
341,Evelynn
342,Lexi
343,Haley
344,Miranda
345,Kaitlyn
346,Daniella
347,Felicity
348,Jacqueline
349,Evie
350,Angel
351,Danielle
352,Ainsley
353,Dylan
354,Kiara
355,Millie
356,Jordan
357,Maddison
358,Rylie
359,Alicia
360,Maeve
361,Margot
362,Kylee
363,Phoenix
364,Heidi
365,Zuri
366,Alondra
367,Lana
368,Madeleine
369,Gracelynn
370,Kenzie
371,Miracle
372,Shelby
373,Elle
374,Adrianna
375,Bianca
376,Addilyn
377,Kira
378,Veronica
379,Gwendolyn
380,Esmeralda
381,Chelsea
382,Alison
383,Skyler
384,Magnolia
385,Daphne
386,Jenna
387,Everleigh
388,Kyla
389,Braelynn
390,Harlow
391,Annalise
392,Mikayla
393,Dahlia
394,Maliyah
395,Averie
396,Scarlet
397,Kayleigh
398,Luciana
399,Kelsey
400,Nadia
401,Amber
402,Gia
403,Kamryn
404,Yaretzi
405,Carmen
406,Jimena
407,Erin
408,Christina
409,Katie
410,Ryan
411,Viviana
412,Alexia
413,Anaya
414,Serena
415,Katelyn
416,Ophelia
417,Regina
418,Helen
419,Remington
420,Camryn
421,Cadence
422,Royalty
423,Amari
424,Kathryn
425,Skye
426,Emely
427,Jada
428,Ariyah
429,Aylin
430,Saylor
431,Kendra
432,Cheyenne
433,Fernanda
434,Sabrina
435,Francesca
436,Eve
437,Mckinley
438,Frances
439,Sarai
440,Carolina
441,Kennedi
442,Nylah
443,Tatum
444,Alani
445,Lennon
446,Raven
447,Zariah
448,Leslie
449,Winter
450,Abby
451,Mabel
452,Sierra
453,April
454,Willa
455,Carly
456,Jolene
457,Rosemary
458,Aviana
459,Madelynn
460,Selah
461,Renata
462,Lorelei
463,Briana
464,Celeste
465,Wren
466,Charleigh
467,Leighton
468,Annabella
469,Jayleen
470,Braelyn
471,Ashlyn
472,Jazlyn
473,Mira
474,Oakley
475,Malaysia
476,Edith
477,Avianna
478,Maryam
479,Emmalyn
480,Hattie
481,Kensley
482,Macie
483,Bristol
484,Marlee
485,Demi
486,Cataleya
487,Maia
488,Sylvia
489,Itzel
490,Allyson
491,Lilith
492,Melany
493,Kaydence
494,Holly
495,Nayeli
496,Meredith
497,Nia
498,Liana
499,Megan
500,Justice
501,Bethany
502,Alejandra
503,Janelle
504,Elisa
505,Adelina
506,Ashlynn
507,Elianna
508,Aleah
509,Myra
510,Lainey
511,Blair
512,Kassidy
513,Charley
514,Virginia
515,Kara
516,Helena
517,Sasha
518,Julie
519,Michaela
520,Carter
521,Matilda
522,Kehlani
523,Henley
524,Maisie
525,Hallie
526,Jazmin
527,Priscilla
528,Marilyn
529,Cecelia
530,Danna
531,Colette
532,Baylee
533,Elliott
534,Ivanna
535,Cameron
536,Celine
537,Alayah
538,Hanna
539,Imani
540,Angelica
541,Emelia
542,Kalani
543,Alanna
544,Lorelai
545,Macy
546,Karina
547,Addyson
548,Aleena
549,Aisha
550,Johanna
551,Mallory
552,Leona
553,Mariam
554,Kynlee
555,Madilynn
556,Karen
557,Karla
558,Skyla
559,Beatrice
560,Dayana
561,Gloria
562,Milani
563,Savanna
564,Karsyn
565,Rory
566,Giuliana
567,Lauryn
568,Liberty
569,Galilea
570,Aubrie
571,Charli
572,Kyleigh
573,Brylee
574,Jillian
575,Anne
576,Haylee
577,Dallas
578,Azalea
579,Jayda
580,Tiffany
581,Avah
582,Shiloh
583,Bailee
584,Jazmine
585,Esme
586,Coraline
587,Madisyn
588,Elaine
589,Lilian
590,Kyra
591,Kaliyah
592,Kora
593,Octavia
594,Irene
595,Kelly
596,Lacey
597,Laurel
598,Adley
599,Anika
600,Janiyah
601,Dorothy
602,Sutton
603,Julieta
604,Kimber
605,Remy
606,Cassandra
607,Rebekah
608,Collins
609,Elliot
610,Emmy
611,Sloan
612,Hayley
613,Amalia
614,Jemma
615,Jamie
616,Melina
617,Leyla
618,Jaylah
619,Anahi
620,Jaliyah
621,Kailani
622,Harlee
623,Wynter
624,Saige
625,Alessia
626,Monica
627,Anya
628,Antonella
629,Emberly
630,Khaleesi
631,Ivory
632,Greta
633,Maren
634,Alena
635,Emory
636,Alaia
637,Cynthia
638,Addisyn
639,Alia
640,Lylah
641,Angie
642,Ariya
643,Alma
644,Crystal
645,Jayde
646,Aileen
647,Kinslee
648,Siena
649,Zelda
650,Katalina
651,Marie
652,Pearl
653,Reyna
654,Mae
655,Zahra
656,Kailey
657,Jessie
658,Tiana
659,Amirah
660,Madalyn
661,Alaya
662,Lilyana
663,Julissa
664,Armani
665,Lennox
666,Lillie
667,Jolie
668,Laney
669,Roselyn
670,Mara
671,Joelle
672,Rosa
673,Kaylani
674,Bridget
675,Liv
676,Oaklyn
677,Aurelia
678,Clarissa
679,Elyse
680,Marissa
681,Monroe
682,Kori
683,Elsa
684,Rosie
685,Amelie
686,Aitana
687,Aliza
688,Eileen
689,Poppy
690,Emmie
691,Braylee
692,Milana
693,Addilynn
694,Royal
695,Chaya
696,Frida
697,Bonnie
698,Amora
699,Stevie
700,Tatiana
701,Malaya
702,Mina
703,Emerie
704,Reign
705,Zaylee
706,Annika
707,Kenia
708,Linda
709,Kenna
710,Faye
711,Reina
712,Brittany
713,Marina
714,Astrid
715,Kadence
716,Mikaela
717,Jaelyn
718,Briar
719,Kaylie
720,Teresa
721,Bria
722,Hadassah
723,Lilianna
724,Guadalupe
725,Rayna
726,Chanel
727,Lyra
728,Noa
729,Zariyah
730,Laylah
731,Aubrielle
732,Aniya
733,Livia
734,Ellen
735,Meadow
736,Amiya
737,Ellis
738,Elora
739,Milan
740,Hunter
741,Princess
742,Leanna
743,Nathalie
744,Clementine
745,Nola
746,Tenley
747,Simone
748,Lina
749,Marianna
750,Martha
751,Sariah
752,Louisa
753,Noemi
754,Emmeline
755,Kenley
756,Belen
757,Erika
758,Myah
759,Lara
760,Amani
761,Ansley
762,Everlee
763,Maleah
764,Salma
765,Jaelynn
766,Kiera
767,Dulce
768,Nala
769,Natasha
770,Averi
771,Mercy
772,Penny
773,Ariadne
774,Deborah
775,Elisabeth
776,Zaria
777,Hana
778,Kairi
779,Yareli
780,Raina
781,Ryann
782,Lexie
783,Thalia
784,Karter
785,Annabel
786,Christine
787,Estella
788,Keyla
789,Adele
790,Aya
791,Estelle
792,Landry
793,Tori
794,Perla
795,Lailah
796,Miah
797,Rylan
798,Angelique
799,Avalynn
800,Romina
801,Ari
802,Jaycee
803,Jaylene
804,Kai
805,Louise
806,Mavis
807,Scarlette
808,Belle
809,Lea
810,Nalani
811,Rivka
812,Ayleen
813,Calliope
814,Dalary
815,Zaniyah
816,Kaelyn
817,Sky
818,Jewel
819,Joselyn
820,Madalynn
821,Paola
822,Giovanna
823,Isabela
824,Karlee
825,Aubriella
826,Azariah
827,Tinley
828,Dream
829,Claudia
830,Corinne
831,Erica
832,Milena
833,Aliana
834,Kallie
835,Alyson
836,Joyce
837,Tinsley
838,Whitney
839,Emilee
840,Paisleigh
841,Carolyn
842,Jaylee
843,Zoie
844,Frankie
845,Andi
846,Judith
847,Paula
848,Xiomara
849,Aiyana
850,Amia
851,Analia
852,Audrina
853,Hadlee
854,Rayne
855,Amayah
856,Cara
857,Celia
858,Lyanna
859,Opal
860,Amaris
861,Clare
862,Gwen
863,Giana
864,Veda
865,Alisha
866,Davina
867,Rhea
868,Sariyah
869,Noor
870,Danica
871,Kathleen
872,Lillianna
873,Lindsey
874,Maxine
875,Paulina
876,Hailee
877,Harleigh
878,Nancy
879,Jessa
880,Raquel
881,Raylee
882,Zainab
883,Chana
884,Lisa
885,Heavenly
886,Oaklynn
887,Aminah
888,Emmalynn
889,Patricia
890,India
891,Janessa
892,Paloma
893,Ramona
894,Sandra
895,Abril
896,Emmaline
897,Itzayana
898,Kassandra
899,Vienna
900,Marleigh
901,Kailyn
902,Novalee
903,Rosalyn
904,Hadleigh
905,Luella
906,Taliyah
907,Avalyn
908,Barbara
909,Iliana
910,Jana
911,Meilani
912,Aadhya
913,Alannah
914,Blaire
915,Brenda
916,Casey
917,Selene
918,Lizbeth
919,Adrienne
920,Annalee
921,Malani
922,Aliya
923,Miley
924,Nataly
925,Bexley
926,Joslyn
927,Maliah
928,Zion
929,Breanna
930,Melania
931,Estrella
932,Ingrid
933,Jayden
934,Kaya
935,Kaylin
936,Harmoni
937,Arely
938,Jazlynn
939,Kiana
940,Dana
941,Mylah
942,Oaklee
943,Ailani
944,Kailee
945,Legacy
946,Marjorie
947,Paityn
948,Courtney
949,Ellianna
950,Jurnee
951,Karlie
952,Evalyn
953,Holland
954,Kenya
955,Magdalena
956,Carla
957,Halle
958,Aryanna
959,Kaiya
960,Kimora
961,Naya
962,Saoirse
963,Susan
964,Desiree
965,Ensley
966,Renee
967,Esperanza
968,Treasure
969,Caylee
970,Ellison
971,Kristina
972,Adilynn
973,Anabelle
974,Egypt
975,Spencer
976,Tegan
977,Aranza
978,Vada
979,Emerald
980,Florence
981,Marlowe
982,Micah
983,Sonia
984,Sunny
985,Tara
986,Riya
987,Yara
988,Alisa
989,Nathalia
990,Yamileth
991,Saanvi
992,Samira
993,Sylvie
994,Brenna
995,Carlee
996,Jenny
997,Miya
998,Monserrat
999,Zendaya
1000,Alora