1,Liam
2,Noah
3,William
4,James
5,Logan
6,Benjamin
7,Mason
8,Elijah
9,Oliver
10,Jacob
11,Lucas
12,Michael
13,Alexander
14,Ethan
15,Daniel
16,Matthew
17,Aiden
18,Henry
19,Joseph
20,Jackson
21,Samuel
22,Sebastian
23,David
24,Carter
25,Wyatt
26,Jayden
27,John
28,Owen
29,Dylan
30,Luke
31,Gabriel
32,Anthony
33,Isaac
34,Grayson
35,Jack
36,Julian
37,Levi
38,Christopher
39,Joshua
40,Andrew
41,Lincoln
42,Mateo
43,Ryan
44,Jaxon
45,Nathan
46,Aaron
47,Isaiah
48,Thomas
49,Charles
50,Caleb
51,Josiah
52,Christian
53,Hunter
54,Eli
55,Jonathan
56,Connor
57,Landon
58,Adrian
59,Asher
60,Cameron
61,Leo
62,Theodore
63,Jeremiah
64,Hudson
65,Robert
66,Easton
67,Nolan
68,Nicholas
69,Ezra
70,Colton
71,Angel
72,Brayden
73,Jordan
74,Dominic
75,Austin
76,Ian
77,Adam
78,Elias
79,Jaxson
80,Greyson
81,Jose
82,Ezekiel
83,Carson
84,Evan
85,Maverick
86,Bryson
87,Jace
88,Cooper
89,Xavier
90,Parker
91,Roman
92,Jason
93,Santiago
94,Chase
95,Sawyer
96,Gavin
97,Leonardo
98,Kayden
99,Ayden
100,Jameson
101,Kevin
102,Bentley
103,Zachary
104,Everett
105,Axel
106,Tyler
107,Micah
108,Vincent
109,Weston
110,Miles
111,Wesley
112,Nathaniel
113,Harrison
114,Brandon
115,Cole
116,Declan
117,Luis
118,Braxton
119,Damian
120,Silas
121,Tristan
122,Ryder
123,Bennett
124,George
125,Emmett
126,Justin
127,Kai
128,Max
129,Diego
130,Luca
131,Ryker
132,Carlos
133,Maxwell
134,Kingston
135,Ivan
136,Maddox
137,Juan
138,Ashton
139,Jayce
140,Rowan
141,Kaiden
142,Giovanni
143,Eric
144,Jesus
145,Calvin
146,Abel
147,King
148,Camden
149,Amir
150,Blake
151,Alex
152,Brody
153,Malachi
154,Emmanuel
155,Jonah
156,Beau
157,Jude
158,Antonio
159,Alan
160,Elliott
161,Elliot
162,Waylon
163,Xander
164,Timothy
165,Victor
166,Bryce
167,Finn
168,Brantley
169,Edward
170,Abraham
171,Patrick
172,Grant
173,Karter
174,Hayden
175,Richard
176,Miguel
177,Joel
178,Gael
179,Tucker
180,Rhett
181,Avery
182,Steven
183,Graham
184,Kaleb
185,Jasper
186,Jesse
187,Matteo
188,Dean
189,Zayden
190,Preston
191,August
192,Oscar
193,Jeremy
194,Alejandro
195,Marcus
196,Dawson
197,Lorenzo
198,Messiah
199,Zion
200,Maximus
201,River
202,Zane
203,Mark
204,Brooks
205,Nicolas
206,Paxton
207,Judah
208,Emiliano
209,Kaden
210,Bryan
211,Kyle
212,Myles
213,Peter
214,Charlie
215,Kyrie
216,Thiago
217,Brian
218,Kenneth
219,Andres
220,Lukas
221,Aidan
222,Jax
223,Caden
224,Milo
225,Paul
226,Beckett
227,Brady
228,Colin
229,Omar
230,Bradley
231,Javier
232,Knox
233,Jaden
234,Barrett
235,Israel
236,Matias
237,Jorge
238,Zander
239,Derek
240,Josue
241,Cayden
242,Holden
243,Griffin
244,Arthur
245,Leon
246,Felix
247,Remington
248,Jake
249,Killian
250,Clayton
251,Sean
252,Adriel
253,Riley
254,Archer
255,Legend
256,Erick
257,Enzo
258,Corbin
259,Francisco
260,Dallas
261,Emilio
262,Gunner
263,Simon
264,Andre
265,Walter
266,Damien
267,Chance
268,Phoenix
269,Colt
270,Tanner
271,Stephen
272,Kameron
273,Tobias
274,Manuel
275,Amari
276,Emerson
277,Louis
278,Cody
279,Finley
280,Iker
281,Martin
282,Rafael
283,Nash
284,Beckham
285,Cash
286,Karson
287,Rylan
288,Reid
289,Theo
290,Ace
291,Eduardo
292,Spencer
293,Raymond
294,Maximiliano
295,Anderson
296,Ronan
297,Lane
298,Cristian
299,Titus
300,Travis
301,Jett
302,Ricardo
303,Bodhi
304,Gideon
305,Jaiden
306,Fernando
307,Mario
308,Conor
309,Keegan
310,Ali
311,Cesar
312,Ellis
313,Jayceon
314,Walker
315,Cohen
316,Arlo
317,Hector
318,Dante
319,Kyler
320,Garrett
321,Donovan
322,Seth
323,Jeffrey
324,Tyson
325,Jase
326,Desmond
327,Caiden
328,Gage
329,Atlas
330,Major
331,Devin
332,Edwin
333,Angelo
334,Orion
335,Conner
336,Julius
337,Marco
338,Jensen
339,Daxton
340,Peyton
341,Zayn
342,Collin
343,Jaylen
344,Dakota
345,Prince
346,Johnny
347,Kayson
348,Cruz
349,Hendrix
350,Atticus
351,Troy
352,Kane
353,Edgar
354,Sergio
355,Kash
356,Marshall
357,Johnathan
358,Romeo
359,Shane
360,Warren
361,Joaquin
362,Wade
363,Leonel
364,Trevor
365,Dominick
366,Muhammad
367,Erik
368,Odin
369,Quinn
370,Jaxton
371,Dalton
372,Nehemiah
373,Frank
374,Grady
375,Gregory
376,Andy
377,Solomon
378,Malik
379,Rory
380,Clark
381,Reed
382,Harvey
383,Zayne
384,Jay
385,Jared
386,Noel
387,Shawn
388,Fabian
389,Ibrahim
390,Adonis
391,Ismael
392,Pedro
393,Leland
394,Malakai
395,Malcolm
396,Alexis
397,Kason
398,Porter
399,Sullivan
400,Raiden
401,Allen
402,Ari
403,Russell
404,Princeton
405,Winston
406,Kendrick
407,Roberto
408,Lennox
409,Hayes
410,Finnegan
411,Nasir
412,Kade
413,Nico
414,Emanuel
415,Landen
416,Moises
417,Ruben
418,Hugo
419,Abram
420,Adan
421,Khalil
422,Zaiden
423,Augustus
424,Marcos
425,Philip
426,Phillip
427,Cyrus
428,Esteban
429,Braylen
430,Albert
431,Bruce
432,Kamden
433,Lawson
434,Jamison
435,Sterling
436,Damon
437,Gunnar
438,Kyson
439,Luka
440,Franklin
441,Ezequiel
442,Pablo
443,Derrick
444,Zachariah
445,Cade
446,Jonas
447,Dexter
448,Kolton
449,Remy
450,Hank
451,Tate
452,Trenton
453,Kian
454,Drew
455,Mohamed
456,Dax
457,Rocco
458,Bowen
459,Mathias
460,Ronald
461,Francis
462,Matthias
463,Milan
464,Maximilian
465,Royce
466,Skyler
467,Corey
468,Kasen
469,Drake
470,Gerardo
471,Jayson
472,Sage
473,Braylon
474,Benson
475,Moses
476,Alijah
477,Rhys
478,Otto
479,Oakley
480,Armando
481,Jaime
482,Nixon
483,Saul
484,Scott
485,Brycen
486,Ariel
487,Enrique
488,Donald
489,Chandler
490,Asa
491,Eden
492,Davis
493,Keith
494,Frederick
495,Rowen
496,Lawrence
497,Leonidas
498,Aden
499,Julio
500,Darius
501,Johan
502,Deacon
503,Cason
504,Danny
505,Nikolai
506,Taylor
507,Alec
508,Royal
509,Armani
510,Kieran
511,Luciano
512,Omari
513,Rodrigo
514,Arjun
515,Ahmed
516,Brendan
517,Cullen
518,Raul
519,Raphael
520,Ronin
521,Brock
522,Pierce
523,Alonzo
524,Casey
525,Dillon
526,Uriel
527,Dustin
528,Gianni
529,Roland
530,Landyn
531,Kobe
532,Dorian
533,Emmitt
534,Ryland
535,Apollo
536,Aarav
537,Roy
538,Duke
539,Quentin
540,Sam
541,Lewis
542,Tony
543,Uriah
544,Dennis
545,Moshe
546,Isaias
547,Braden
548,Quinton
549,Cannon
550,Ayaan
551,Mathew
552,Kellan
553,Niko
554,Edison
555,Izaiah
556,Jerry
557,Gustavo
558,Jamari
559,Marvin
560,Mauricio
561,Ahmad
562,Mohammad
563,Justice
564,Trey
565,Elian
566,Mohammed
567,Sincere
568,Yusuf
569,Arturo
570,Callen
571,Rayan
572,Keaton
573,Wilder
574,Mekhi
575,Memphis
576,Cayson
577,Conrad
578,Kaison
579,Kyree
580,Soren
581,Colby
582,Bryant
583,Lucian
584,Alfredo
585,Cassius
586,Marcelo
587,Nikolas
588,Brennan
589,Darren
590,Jasiah
591,Jimmy
592,Lionel
593,Reece
594,Ty
595,Chris
596,Forrest
597,Korbin
598,Tatum
599,Jalen
600,Santino
601,Case
602,Leonard
603,Alvin
604,Issac
605,Bo
606,Quincy
607,Mack
608,Samson
609,Rex
610,Alberto
611,Callum
612,Curtis
613,Hezekiah
614,Finnley
615,Briggs
616,Kamari
617,Zeke
618,Raylan
619,Neil
620,Titan
621,Julien
622,Kellen
623,Devon
624,Kylan
625,Roger
626,Axton
627,Carl
628,Douglas
629,Larry
630,Crosby
631,Fletcher
632,Makai
633,Nelson
634,Hamza
635,Lance
636,Alden
637,Gary
638,Wilson
639,Alessandro
640,Ares
641,Kashton
642,Bruno
643,Jakob
644,Stetson
645,Zain
646,Cairo
647,Nathanael
648,Byron
649,Harry
650,Harley
651,Mitchell
652,Maurice
653,Orlando
654,Kingsley
655,Kaysen
656,Sylas
657,Trent
658,Ramon
659,Boston
660,Lucca
661,Noe
662,Jagger
663,Reyansh
664,Vihaan
665,Randy
666,Thaddeus
667,Lennon
668,Kannon
669,Kohen
670,Tristen
671,Valentino
672,Maxton
673,Salvador
674,Abdiel
675,Langston
676,Rohan
677,Kristopher
678,Yosef
679,Rayden
680,Lee
681,Callan
682,Tripp
683,Deandre
684,Joe
685,Morgan
686,Dariel
687,Colten
688,Reese
689,Jedidiah
690,Ricky
691,Bronson
692,Terry
693,Eddie
694,Jefferson
695,Lachlan
696,Layne
697,Clay
698,Madden
699,Jamir
700,Tomas
701,Kareem
702,Stanley
703,Brayan
704,Amos
705,Kase
706,Kristian
707,Clyde
708,Ernesto
709,Tommy
710,Casen
711,Ford
712,Crew
713,Braydon
714,Brecken
715,Hassan
716,Axl
717,Boone
718,Leandro
719,Samir
720,Jaziel
721,Magnus
722,Abdullah
723,Yousef
724,Branson
725,Jadiel
726,Jaxen
727,Layton
728,Franco
729,Ben
730,Grey
731,Kelvin
732,Chaim
733,Demetrius
734,Blaine
735,Ridge
736,Colson
737,Melvin
738,Anakin
739,Aryan
740,Lochlan
741,Jon
742,Canaan
743,Dash
744,Zechariah
745,Alonso
746,Otis
747,Zaire
748,Marcel
749,Brett
750,Stefan
751,Aldo
752,Jeffery
753,Baylor
754,Talon
755,Dominik
756,Flynn
757,Carmelo
758,Dane
759,Jamal
760,Kole
761,Enoch
762,Graysen
763,Kye
764,Vicente
765,Fisher
766,Ray
767,Fox
768,Jamie
769,Rey
770,Zaid
771,Allan
772,Emery
773,Gannon
774,Joziah
775,Rodney
776,Juelz
777,Sonny
778,Terrance
779,Zyaire
780,Augustine
781,Cory
782,Felipe
783,Aron
784,Jacoby
785,Harlan
786,Marc
787,Bobby
788,Joey
789,Anson
790,Huxley
791,Marlon
792,Anders
793,Guillermo
794,Payton
795,Castiel
796,Damari
797,Shepherd
798,Azariah
799,Harold
800,Harper
801,Henrik
802,Houston
803,Kairo
804,Willie
805,Elisha
806,Ameer
807,Emory
808,Skylar
809,Sutton
810,Alfonso
811,Brentley
812,Toby
813,Blaze
814,Eugene
815,Shiloh
816,Wayne
817,Darian
818,Gordon
819,London
820,Bodie
821,Jordy
822,Jermaine
823,Denver
824,Gerald
825,Merrick
826,Musa
827,Vincenzo
828,Kody
829,Yahir
830,Brodie
831,Trace
832,Darwin
833,Tadeo
834,Bentlee
835,Billy
836,Hugh
837,Reginald
838,Vance
839,Westin
840,Cain
841,Arian
842,Dayton
843,Javion
844,Terrence
845,Brysen
846,Jaxxon
847,Thatcher
848,Landry
849,Rene
850,Westley
851,Miller
852,Alvaro
853,Cristiano
854,Eliseo
855,Ephraim
856,Adrien
857,Jerome
858,Khalid
859,Aydin
860,Mayson
861,Alfred
862,Duncan
863,Junior
864,Kendall
865,Zavier
866,Koda
867,Maison
868,Caspian
869,Maxim
870,Kace
871,Zackary
872,Rudy
873,Coleman
874,Keagan
875,Kolten
876,Maximo
877,Dario
878,Davion
879,Kalel
880,Briar
881,Jairo
882,Misael
883,Rogelio
884,Terrell
885,Heath
886,Micheal
887,Wesson
888,Aaden
889,Brixton
890,Draven
891,Xzavier
892,Darrell
893,Keanu
894,Ronnie
895,Konnor
896,Will
897,Dangelo
898,Frankie
899,Kamryn
900,Salvatore
901,Santana
902,Shaun
903,Coen
904,Leighton
905,Mustafa
906,Reuben
907,Ayan
908,Blaise
909,Dimitri
910,Keenan
911,Van
912,Achilles
913,Channing
914,Ishaan
915,Wells
916,Benton
917,Lamar
918,Nova
919,Yahya
920,Dilan
921,Gibson
922,Camdyn
923,Ulises
924,Alexzander
925,Valentin
926,Shepard
927,Alistair
928,Eason
929,Kaiser
930,Leroy
931,Zayd
932,Camilo
933,Markus
934,Foster
935,Davian
936,Dwayne
937,Jabari
938,Judson
939,Koa
940,Yehuda
941,Lyric
942,Tristian
943,Agustin
944,Bridger
945,Vivaan
946,Brayson
947,Emmet
948,Marley
949,Mike
950,Nickolas
951,Kenny
952,Leif
953,Bjorn
954,Ignacio
955,Rocky
956,Chad
957,Gatlin
958,Greysen
959,Kyng
960,Randall
961,Reign
962,Vaughn
963,Jessie
964,Louie
965,Shmuel
966,Zahir
967,Ernest
968,Javon
969,Khari
970,Reagan
971,Avi
972,Ira
973,Ledger
974,Simeon
975,Yadiel
976,Maddux
977,Seamus
978,Jad
979,Jeremias
980,Kylen
981,Rashad
982,Santos
983,Cedric
984,Craig
985,Dominique
986,Gianluca
987,Jovanni
988,Bishop
989,Brenden
990,Anton
991,Camron
992,Giancarlo
993,Lyle
994,Alaric
995,Decker
996,Eliezer
997,Ramiro
998,Yisroel
999,Howard
1000,Jaxx